[{"displayName":"Search","name":"Search","id":"Search","type":"feature","path":"","narrative":{"name":"Narrative","text":""},"children":[{"displayName":"Login test invalid","name":"Login test invalid","id":"Login test invalid","type":"story","path":"search","narrative":{"name":"Narrative","text":""},"parent":"Search","scenarioTags":{},"containsNoScenarios":false},{"displayName":"Login test valid","name":"Login test valid","id":"Login test valid","type":"story","path":"search","narrative":{"name":"Narrative","text":""},"parent":"Search","scenarioTags":{},"containsNoScenarios":false},{"displayName":"Scenario test","name":"Scenario test","id":"Scenario test","type":"story","path":"search","narrative":{"name":"Narrative","text":""},"parent":"Search","scenarioTags":{},"containsNoScenarios":false}],"scenarioTags":{},"containsNoScenarios":false}]