{"name":"test_invalid_login_should_fail","id":"org.example.features.search.LoginTestInvalid:test_invalid_login_should_fail","testCaseName":"org.example.features.search.LoginTestInvalid","testSteps":[{"number":1,"description":"Test invalid login should fail ","duration":6087,"startTime":"2025-05-20T17:45:45.160+03:00[Europe/Athens]","result":"SUCCESS","precondition":false,"level":0,"children":[{"number":2,"description":"User opens login page","duration":2430,"startTime":"2025-05-20T17:45:37.477+03:00[Europe/Athens]","screenshots":[{"screenshot":"b49eac9b7b71bbcd13bb5a1badb759926957f7d4bdf5178987aef06c24e0f9c5.png","timeStamp":1747752337804},{"screenshot":"d4cd5e795cdd3ee0b574c62f188faeeffc6db7d0e68c2c511d5dea8c9a66ed2d.png","timeStamp":1747752339907}],"result":"SUCCESS","precondition":false,"level":1},{"number":3,"description":"User logs in with email: giulia_carla03@yahoo.com and password: test","duration":3061,"startTime":"2025-05-20T17:45:39.913+03:00[Europe/Athens]","screenshots":[{"screenshot":"a07fcc882d2f910d4ae5b71846864d11bb085390217d0dab7ce5aefabd59c988.png","timeStamp":1747752342974}],"result":"SUCCESS","precondition":false,"level":1},{"number":4,"description":"Login error message should be visible","duration":596,"startTime":"2025-05-20T17:45:42.974+03:00[Europe/Athens]","screenshots":[{"screenshot":"a07fcc882d2f910d4ae5b71846864d11bb085390217d0dab7ce5aefabd59c988.png","timeStamp":1747752343570}],"result":"SUCCESS","precondition":false,"level":1}]}],"userStory":{"id":"org.example.features.search.LoginTestInvalid","storyName":"Login test invalid","storyClassName":"org.example.features.search.LoginTestInvalid","path":"search","type":"story"},"featureTag":{"name":"Search/Login test invalid","type":"story","displayName":"Search/Login test invalid"},"title":"Test invalid login should fail","tags":[{"name":"Search/Login test invalid","type":"story","displayName":"Search/Login test invalid"},{"name":"Search","type":"feature","displayName":"Search"},{"name":"Search","type":"capability","displayName":"Search for definitions"}],"startTime":"2025-05-20T17:45:44.829+03:00[Europe/Athens]","duration":0,"isManualTestingUpToDate":false,"dataTable":{"headers":["username","password"],"rows":[{"values":["giulia_carla03@yahoo.com","test"],"lineNumber":0,"result":"SUCCESS"}],"predefinedRows":false,"dataSetDescriptors":[{"startRow":0,"rowCount":0}]},"manual":false,"result":"SUCCESS"}