{"name":"scenario_based_test_login_add_delete_logout","id":"org.example.features.search.ScenarioTest:scenario_based_test_login_add_delete_logout","testCaseName":"org.example.features.search.ScenarioTest","testSteps":[{"number":1,"description":"Scenario based test login add delete logout ","duration":27955,"startTime":"2025-05-20T17:47:31.419+03:00[Europe/Athens]","result":"SUCCESS","precondition":false,"level":0,"children":[{"number":2,"description":"Open login page","duration":2238,"startTime":"2025-05-20T17:47:01.765+03:00[Europe/Athens]","screenshots":[{"screenshot":"b49eac9b7b71bbcd13bb5a1badb759926957f7d4bdf5178987aef06c24e0f9c5.png","timeStamp":1747752422128},{"screenshot":"e35385e8bcbff7f07274df661c8807a948a88206b91a7a309ecc569874a7d289.png","timeStamp":1747752424003}],"result":"SUCCESS","precondition":false,"level":1},{"number":3,"description":"Login with: giulia_carla03@yahoo.com, XfvafgbR6U@#7Z9","duration":3485,"startTime":"2025-05-20T17:47:04.008+03:00[Europe/Athens]","screenshots":[{"screenshot":"94677b7e469f1991c69d157306a278a87bf8330673af3c897e772fdccc252e33.png","timeStamp":1747752427493}],"result":"SUCCESS","precondition":false,"level":1},{"number":4,"description":"Login success should be visible","duration":16,"startTime":"2025-05-20T17:47:07.493+03:00[Europe/Athens]","screenshots":[{"screenshot":"94677b7e469f1991c69d157306a278a87bf8330673af3c897e772fdccc252e33.png","timeStamp":1747752427509}],"result":"SUCCESS","precondition":false,"level":1},{"number":5,"description":"Go to women jackets category","duration":1442,"startTime":"2025-05-20T17:47:07.509+03:00[Europe/Athens]","screenshots":[{"screenshot":"142c15c66cd02abd67f3d2104cb31a3d04007e0722553c7acd3afd145d690157.png","timeStamp":1747752428951}],"result":"SUCCESS","precondition":false,"level":1},{"number":6,"description":"Should see jackets listed","duration":32,"startTime":"2025-05-20T17:47:08.951+03:00[Europe/Athens]","screenshots":[{"screenshot":"142c15c66cd02abd67f3d2104cb31a3d04007e0722553c7acd3afd145d690157.png","timeStamp":1747752428983}],"result":"SUCCESS","precondition":false,"level":1},{"number":7,"description":"Select first product","duration":1285,"startTime":"2025-05-20T17:47:08.983+03:00[Europe/Athens]","screenshots":[{"screenshot":"c41956d5125fe8ae9ff26efc2226e17ad2f07350c7ba3b38f1717660e932ecba.png","timeStamp":1747752430268}],"result":"SUCCESS","precondition":false,"level":1},{"number":8,"description":"Should be on product page","duration":24,"startTime":"2025-05-20T17:47:10.268+03:00[Europe/Athens]","screenshots":[{"screenshot":"c41956d5125fe8ae9ff26efc2226e17ad2f07350c7ba3b38f1717660e932ecba.png","timeStamp":1747752430292}],"result":"SUCCESS","precondition":false,"level":1},{"number":9,"description":"Select size: M","duration":713,"startTime":"2025-05-20T17:47:10.293+03:00[Europe/Athens]","screenshots":[{"screenshot":"6f138b50228a4c66cca6e77e8d4a57d60a58faea1c91248a501adfc3c2dac6ec.png","timeStamp":1747752431006}],"result":"SUCCESS","precondition":false,"level":1},{"number":10,"description":"Select color: Black","duration":565,"startTime":"2025-05-20T17:47:11.006+03:00[Europe/Athens]","screenshots":[{"screenshot":"1a2bd6907626b6f8d697b6cb7dab4a404aa81484e2b5f7388de4908137a636a9.png","timeStamp":1747752431571}],"result":"SUCCESS","precondition":false,"level":1},{"number":11,"description":"Add to cart","duration":625,"startTime":"2025-05-20T17:47:11.571+03:00[Europe/Athens]","screenshots":[{"screenshot":"2063c78b38977839dd6a3dc72df0889e213910c02d4c6894886ddbf8cc868a88.png","timeStamp":1747752432196}],"result":"SUCCESS","precondition":false,"level":1},{"number":12,"description":"Verify item added to cart","duration":1962,"startTime":"2025-05-20T17:47:12.197+03:00[Europe/Athens]","screenshots":[{"screenshot":"31cdc707150f9e4bb8fa0854762f9d5ac98d03f5392f9e4f5a2f70300a1fc8bb.png","timeStamp":1747752434159}],"result":"SUCCESS","precondition":false,"level":1},{"number":13,"description":"Go to cart","duration":2706,"startTime":"2025-05-20T17:47:14.159+03:00[Europe/Athens]","screenshots":[{"screenshot":"fdde47963291d68c632526022ef0d7abcfdd57d653e7c549a3cf3c427fa9568d.png","timeStamp":1747752436865}],"result":"SUCCESS","precondition":false,"level":1},{"number":14,"description":"Remove item from cart","duration":2574,"startTime":"2025-05-20T17:47:16.865+03:00[Europe/Athens]","screenshots":[{"screenshot":"c2a3065ab28f50632e4a19994f06e4ae9974f04b212848d5bcbd058bc991c8ce.png","timeStamp":1747752439439}],"result":"SUCCESS","precondition":false,"level":1},{"number":15,"description":"Verify cart is empty","duration":394,"startTime":"2025-05-20T17:47:19.439+03:00[Europe/Athens]","screenshots":[{"screenshot":"c2a3065ab28f50632e4a19994f06e4ae9974f04b212848d5bcbd058bc991c8ce.png","timeStamp":1747752439833}],"result":"SUCCESS","precondition":false,"level":1},{"number":16,"description":"Logout","duration":3761,"startTime":"2025-05-20T17:47:19.834+03:00[Europe/Athens]","screenshots":[{"screenshot":"e8b0783bbad8e4a6d7669b452fb15948ce2a7532dd5848ae4be1aa60deef4c36.png","timeStamp":1747752443595}],"result":"SUCCESS","precondition":false,"level":1},{"number":17,"description":"Verify logout successful","duration":6133,"startTime":"2025-05-20T17:47:23.595+03:00[Europe/Athens]","screenshots":[{"screenshot":"430fb217aaa58695f046c15b2e03570fd0fa8ee99d36f4377a294d3e4f334b9c.png","timeStamp":1747752449728}],"result":"SUCCESS","precondition":false,"level":1}]}],"userStory":{"id":"org.example.features.search.ScenarioTest","storyName":"Scenario test","storyClassName":"org.example.features.search.ScenarioTest","path":"search","type":"story"},"featureTag":{"name":"Search/Scenario test","type":"story","displayName":"Search/Scenario test"},"title":"Scenario based test login add delete logout","tags":[{"name":"Search/Scenario test","type":"story","displayName":"Search/Scenario test"},{"name":"Search","type":"feature","displayName":"Search"},{"name":"Search","type":"capability","displayName":"Search for definitions"}],"startTime":"2025-05-20T17:47:31.120+03:00[Europe/Athens]","duration":0,"isManualTestingUpToDate":false,"dataTable":{"headers":["username","password"],"rows":[{"values":["giulia_carla03@yahoo.com","XfvafgbR6U@#7Z9"],"lineNumber":0,"result":"SUCCESS"}],"predefinedRows":false,"dataSetDescriptors":[{"startRow":0,"rowCount":0}]},"manual":false,"result":"SUCCESS"}