{"name":"test_valid_login_should_be_successful","id":"org.example.features.search.LoginTestValid:test_valid_login_should_be_successful","testCaseName":"org.example.features.search.LoginTestValid","testSteps":[{"number":1,"description":"Test valid login should be successful ","duration":5094,"startTime":"2025-05-20T17:46:43.668+03:00[Europe/Athens]","result":"SUCCESS","precondition":false,"level":0,"children":[{"number":2,"description":"User opens login page","duration":1904,"startTime":"2025-05-20T17:46:36.706+03:00[Europe/Athens]","screenshots":[{"screenshot":"b49eac9b7b71bbcd13bb5a1badb759926957f7d4bdf5178987aef06c24e0f9c5.png","timeStamp":1747752397047},{"screenshot":"e35385e8bcbff7f07274df661c8807a948a88206b91a7a309ecc569874a7d289.png","timeStamp":1747752398610}],"result":"SUCCESS","precondition":false,"level":1},{"number":3,"description":"User logs in with email: giulia_carla03@yahoo.com and password: XfvafgbR6U@#7Z9","duration":3174,"startTime":"2025-05-20T17:46:38.616+03:00[Europe/Athens]","screenshots":[{"screenshot":"94677b7e469f1991c69d157306a278a87bf8330673af3c897e772fdccc252e33.png","timeStamp":1747752401790}],"result":"SUCCESS","precondition":false,"level":1},{"number":4,"description":"Login should be successful","duration":16,"startTime":"2025-05-20T17:46:41.790+03:00[Europe/Athens]","screenshots":[{"screenshot":"94677b7e469f1991c69d157306a278a87bf8330673af3c897e772fdccc252e33.png","timeStamp":1747752401806}],"result":"SUCCESS","precondition":false,"level":1}]}],"userStory":{"id":"org.example.features.search.LoginTestValid","storyName":"Login test valid","storyClassName":"org.example.features.search.LoginTestValid","path":"search","type":"story"},"featureTag":{"name":"Search/Login test valid","type":"story","displayName":"Search/Login test valid"},"title":"Test valid login should be successful","tags":[{"name":"Search","type":"feature","displayName":"Search"},{"name":"Search","type":"capability","displayName":"Search for definitions"},{"name":"Search/Login test valid","type":"story","displayName":"Search/Login test valid"}],"startTime":"2025-05-20T17:46:43.354+03:00[Europe/Athens]","duration":0,"isManualTestingUpToDate":false,"dataTable":{"headers":["username","password"],"rows":[{"values":["giulia_carla03@yahoo.com","XfvafgbR6U@#7Z9"],"lineNumber":0,"result":"SUCCESS"}],"predefinedRows":false,"dataSetDescriptors":[{"startRow":0,"rowCount":0}]},"manual":false,"result":"SUCCESS"}